year,name_last,name_first,state_agency_or_tribe
2021,Abeln,Barb,Department of Human Services
2021,AbouSamra,Haifa,Board of Regents
2021,Abraham,Doug,SD Science & Technology Authority
2021,Adam,Joan,Department of Health
2021,Adams,Bobi,Department of Revenue
2021,Afdahl,Bret,Department of Labor and Regulation
2021,Almond,Penni,State Treasurer Office
2021,ALMOND,TRAVIS,South Dakota Retirement System
2021,Ambach,Craig,Bureau of Administration
2021,Anderson,Laurie,Board of Regents
2021,Bachand,Paul,Bureau of Finance and Management
2021,Baker,Patrick,Department of Tourism
2021,Barnett,Mallori,Bureau of Human Resources
2021,Barnett,Steve,Secretary of State
2021,Bastian,John,Board of Regents
2021,Bastian,Kayla,Board of Regents
2021,Beck,Kellie,Department of Transportation
2021,Beer,Jane,South Dakota Retirement System
2021,Behm,Mike,Department of Transportation
2021,Berg,Steve,Bureau of Administration
2021,Besch,Peggy,Department of Agriculture and Natural Resources
2021,Besch,Peggy,Dept. of Agriculture and Nat Resources
2021,Bierne,Jon,Department of Public Safety
2021,Blair,Amanda,Board of Regents
2021,Blair,Steven,Attorney General
2021,Bollinger,Scott W.,Bureau of Administration
2021,Bonrud,Shelia,Governor's Office
2021,Boos,Carole,Department of Human Services
2021,Booth,Deanne,Bureau of Information and Telecommunications
2021,Bormann,Tim,Attorney General
2021,Bossman,Daria,Department of Education
2021,Boxley,Kayla,Secretary of State
2021,Boyd,Kate,Cosmetology Commission
2021,Bren,Sherry,Department of Labor and Regulation
2021,Broers,John,Department of Public Safety
2021,Brown,Brock,Board of Regents
2021,Bruels,Andy,Department of Agriculture and Natural Resources
2021,Bruels,Andy,Dept. of Agriculture and Nat Resources
2021,Bucheli,Daniel,Department of Health
2021,Bunkers,Kristi,Department of Corrections
2021,Burchill,Pat,SD Ellsworth Development Authority
2021,Buscher,Kelli,Department of Agriculture and Natural Resources
2021,Buscher,Kelli,Dept. of Agriculture and Nat Resources
2021,Cambon,Allen,Governor's Office
2021,Cammack,Kristi,Board of Regents
2021,Campbell,Jason,Department of the Military
2021,Carlsen,Bailey,Department of Tourism
2021,Cassady,Joe,Board of Regents
2021,Chambliss,Cody,Public Utilities Commission
2021,Christian,Susan,Commission On Gaming
2021,Christopherson,Dustin,Bureau of Finance and Management
2021,Clark,Doug,Department of Corrections
2021,Clark,Liza,Bureau of Finance and Management
2021,Clark,Matt,South Dakota Investment Council
2021,Clayton,Joshua,Department of Health
2021,Clines,Jeff,Bureau of Information and Telecommunications
2021,Coleman,John,Governor's Office
2021,Coppersmith,Bridget,Department of Corrections
2021,Corbin,Steve,Bureau of Finance and Management
2021,Cornelison,Mike,School and Public Lands
2021,Coyle,Lesley,Department of Revenue
2021,Cremer,Karen,Public Utilities Commission
2021,Cruse,Rebecca,Department of Tourism
2021,Davis,Ralph,Board of Regents
2021,Day,Hon. Michael,Unified Judicial System
2021,de Hueck,Adam,Public Utilities Commission
2021,Deadrick,Tom,Attorney General
2021,DeBoer,Dustin,Department of Transportation
2021,Decker,Mackenzie,Department of Labor and Regulation
2021,Deiter,Larry,Department of Labor and Regulation
2021,DeJabet,Lee,State Treasurer Office
2021,Dell,Maggie,Department of Labor and Regulation
2021,DesLauriers,Scott,Board of Technical Education
2021,Dokken,Beth,Department of Health
2021,Dovre,Dawn,Department of Labor and Regulation
2021,Dovre,Travis,Department of Tourism
2021,Dovre,Travis,Gov's Office of Econ Dev
2021,Dowling,Kayla,Secretary of State
2021,Downs,Timothy,Board of Regents
2021,Dunn,Barry,Board of Regents
2021,Edman,Jim,Bureau of Information and Telecommunications
2021,Edson,Kim,Department of Corrections
2021,Edwards,Kristen,Public Utilities Commission
2021,Eliason,Larry,Commission On Gaming
2021,Engebretson,Dan,Board of Regents
2021,Engel,Tim,Gov's Office of Econ Dev
2021,Engel,Tim M.,SD Science & Technology Authority
2021,Esperance,Jay,Department of Agriculture and Natural Resources
2021,Esperance,Jay,Dept. of Agriculture and Nat Resources
2021,Evans,Jason,Department of Revenue
2021,Fiala,Joe,Gov's Office of Econ Dev
2021,FIDDLER,DOUG,South Dakota Retirement System
2021,Fischer,Donna,Department of Human Services
2021,Fisk,Keith,"Department of Game, Fish and Parks"
2021,Flute,David,Department of Tribal Relations
2021,Forney,Heather,Board of Regents
2021,Fulton,Neil,Board of Regents
2021,Fuoss,Anita,Department of Revenue
2021,Fury,Ian,Governor's Office
2021,Garcia,Mark,Department of Tribal Relations
2021,Gere,Tom,Department of Agriculture and Natural Resources
2021,Gere,Tom,Dept. of Agriculture and Nat Resources
2021,Gerlach,Andy,Bureau of Administration
2021,Gestring,Sheila,Board of Regents
2021,Getz,Hallie,Bureau of Finance and Management
2021,Gibbons,William (Bill),Board of Regents
2021,Gilbertson,David,Unified Judicial System
2021,Gill,Laurie,Department of Social Services
2021,Goltz,Megan,Governor's Office
2021,Goodman,Jeanne,Department of Agriculture and Natural Resources
2021,Goodman,Jeanne,Dept. of Agriculture and Nat Resources
2021,Goodman,Wanda,Department of Tourism
2021,Grambihler,Anissa,State Treasurer Office
2021,Gregg,Deb,Public Utilities Commission
2021,Griffiths,Jose Marie,Board of Regents
2021,Gronlund,Eric,Department of Agriculture and Natural Resources
2021,Gronlund,Eric,Dept. of Agriculture and Nat Resources
2021,Gruber,Marla,Department of Revenue
2021,Gruebele,Morgan,Bureau of Finance and Management
2021,Gussiaas,Mike,Department of Tourism
2021,Hackemer,Kurt,Board of Regents
2021,Hagen,James,Department of Tourism
2021,Hall,Robert,Board of Regents
2021,Hansen,Margaret,Board of Medical and Osteopathic Examiners
2021,Hansen,Margaret,Department of Health
2021,Harding,Steve,Department of the Military
2021,Harsma,Mike,Housing Development Authority
2021,Hayden-Moreland,Wayne,Bureau of Information and Telecommunications
2021,Headley,Mike,SD Science & Technology Authority
2021,Hedge,Dennis,Board of Regents
2021,Heier,Pauline,Department of Labor and Regulation
2021,Hepper,Clark,Department of Revenue
2021,Hight,Todd,Housing Development Authority
2021,Hluchy,Claudean,Board of Regents
2021,Hohn,Connie,Department of the Military
2021,Hohn,Connie,Department of Veterans Affairs
2021,Holbeck,Mike,Board of Regents
2021,Holbrook,Candy,Department of Labor and Regulation
2021,Hollatz,Beth,Governor's Office
2021,Holt,Kyle,Secretary of State
2021,Houdyshell,Michael,Department of Revenue
2021,Houwman,Hon. Robin,Unified Judicial System
2021,Hruska,Katie,Governor's Office
2021,Hull,Melissa,State Treasurer Office
2021,Hulstein,Kirk,Department of Tourism
2021,Hultman,Marcia,Department of Labor and Regulation
2021,Humann,Michelle,South Dakota Retirement System
2021,Humig,Danna,Department of Corrections
2021,Husby,Jason,Department of Public Safety
2021,Janes,Larry,Statewide One-Call Notification Board
2021,Jares,Alison,Department of Revenue
2021,Jasper,Kirsten,Bureau of Administration
2021,Jensen,Brock,Department of Labor and Regulation
2021,Jensen,Steven,Unified Judicial System
2021,Johns,James,South Dakota Retirement System
2021,Johnson,Derek,Bureau of Finance and Management
2021,Johnson,Kathy,Board of Regents
2021,Jones,Ben,Department of Education
2021,Jordan,Travis,Department of Human Services
2021,Jordan,Travis,Department of Labor and Regulation
2021,Jost,Amanda,Bureau of Information and Telecommunications
2021,Josten,Greg,Department of Agriculture and Natural Resources
2021,Josten,Greg,Dept. of Agriculture and Nat Resources
2021,Jundt,Joel,Department of Transportation
2021,Kearney,Darren,Public Utilities Commission
2021,Keeler,Colin,Bureau of Finance and Management
2021,Keeler,Mary,Bureau of Finance and Management
2021,Keiser,Darcy,Department of Agriculture and Natural Resources
2021,Keiser,Darcy,Dept. of Agriculture and Nat Resources
2021,Kemnitz,Cindy,Public Utilities Commission
2021,Kendall,Lynn,SD Ellsworth Development Authority
2021,Kerr,Allysen,Bureau of Finance and Management
2021,Kerr,Emily,Secretary of State
2021,Kienholz,Peter,Department of Labor and Regulation
2021,Killefer,John,Board of Regents
2021,Kirschenmann,Tom,"Department of Game, Fish and Parks"
2021,Klemann,Melissa,Governor's Office
2021,Knapp,Renee,School and Public Lands
2021,Kneafsey,David,SD Ellsworth Development Authority
2021,Kohler,Steven,Bureau of Finance and Management
2021,Koisti,Ben,Governor's Office
2021,Koldenhoven,Samantha,South Dakota Retirement System
2021,Kost-Hillmer,Treyton,School and Public Lands
2021,Kotilnek,Jon,"Department of Game, Fish and Parks"
2021,Kramer,Monte,Bureau of Finance and Management
2021,Kruger,Jill,Department of Labor and Regulation
2021,Krusemark,Stacy,Board of Regents
2021,LaCroix,Amanda,Department of Education
2021,Landguth,Scott,SD Ellsworth Development Authority
2021,Langdell,Anne,Board of Regents
2021,Larsen,Ann,Department of Education
2021,Lauritsen,Mike,School and Public Lands
2021,Lees,Mike,Department of Agriculture and Natural Resources
2021,Lees,Mike,Dept. of Agriculture and Nat Resources
2021,Lehecka Nelson,Mary,Gov's Office of Econ Dev
2021,Lehrkamp,Christine,Secretary of State
2021,Leidholt,Mike,Department of Corrections
2021,Leingang,Carla,Department of Education
2021,Lemieux,Angie,Department of Public Safety
2021,Lien,Joelle,Board of Regents
2021,Lingle,Norm,Department of Revenue
2021,Linn Jr.,John J.,DLR Electrical Commission
2021,Lippert,Jeremy,Department of Social Services
2021,Lukkes,Nathan,Board of Regents
2021,Lusk,Dan,Department of Public Safety
2021,Lutz,Jason,Secretary of State
2021,Maher,Brian,Board of Regents
2021,Malone,Shannon,Department of Education
2021,Malsam-Rysdon,Kim,Department of Health
2021,Mancuso,Amy,Department of Public Safety
2021,Marlette,Jeff,Department of the Military
2021,Marnell,Frank,Department of Labor and Regulation
2021,Martinec,Tom,Department of Human Services
2021,Mattke,Gaye,Department of Human Services
2021,Mayer,Alex,Department of Health
2021,Mayer,Mark,Department of Agriculture and Natural Resources
2021,Mayer,Mark,Dept. of Agriculture and Nat Resources
2021,McCaulley,Matt,Governor's Office
2021,McGuigan,Charles,Attorney General
2021,McGuigan,Darcy,Department of Health
2021,McGuire,Jaclyn,Department of Agriculture and Natural Resources
2021,McGuire,Jaclyn,Dept. of Agriculture and Nat Resources
2021,McIntosh,Kim,Department of Agriculture and Natural Resources
2021,McIntosh,Kim,Dept. of Agriculture and Nat Resources
2021,Mehlhaff,James,Department of Labor and Regulation
2021,Mennenger,Rory,Secretary of State
2021,Merriman,Paul,Department of Public Safety
2021,Michels,Marshall,Department of the Military
2021,Mikkonen,Laurie,Department of Social Services
2021,Miller,Dr. Mendel,Animal Industry Board
2021,Miller,Mark,Governor's Office
2021,Miller,Melissa,Real Estate Commission
2021,Miller,Rick,Department of Public Safety
2021,Minder,Janice,Board of Regents
2021,Mohr,Leah,Public Utilities Commission
2021,Moran,Jim,Board of Regents
2021,Moran,Joe,Department of Education
2021,Morgan,Jim,Board of Regents
2021,Muhr,Lita,Bureau of Finance and Management
2021,Mulder,Amber,Department of Labor and Regulation
2021,Muldoon,Julie,Governor's Office
2021,Nagel,Justin,Department of Revenue
2021,Natvig,David,Attorney General
2021,Nedved,Al,"Department of Game, Fish and Parks"
2021,Nelson,Jeff,South Dakota Investment Council
2021,Nelson,Morgan,Department of Revenue
2021,Nevin,Bill,Department of Transportation
2021,Nichols,Laurie,Board of Regents
2021,Nickelson,Johanna,Department of Labor and Regulation
2021,Novotny,Brittany,Board of Dentistry
2021,Novotny,Brittany,Department of Health
2021,Oedekoven,Dr. Dustin,Animal Industry Board
2021,Oey,Graham,Department of Labor and Regulation
2021,Oglesby,Rachel,Governor's Office
2021,Olive,Les,Board of Regents
2021,Olson,Aaron,Unified Judicial System
2021,Olson,Cora,Department of Public Safety
2021,Overgaard,Julie,Bureau of Information and Telecommunications
2021,Oxner,Matt,Department of Public Safety
2021,Parsons,Jacob,Bureau of Finance and Management
2021,Patel,Neha,Bureau of Information and Telecommunications
2021,Patterson,Kathryn,Board of Technical Professions
2021,Paulson,Veronica,Board of Regents
2021,Perkovich,Mike,Department of Agriculture and Natural Resources
2021,Perkovich,Mike,Dept. of Agriculture and Nat Resources
2021,Perry,Heather,Bureau of Information and Telecommunications
2021,Perry,Jay,Board of Regents
2021,Petersen,Chris,"Department of Game, Fish and Parks"
2021,Pierce,Jeff,Bureau of Information and Telecommunications
2021,Polak,Lorraine,Housing Development Authority
2021,Pontious,Brian,Department of Agriculture and Natural Resources
2021,Pontious,Brian,Dept. of Agriculture and Nat Resources
2021,Price,Craig,Department of Public Safety
2021,Quasney,Mark,Bureau of Finance and Management
2021,Rae,Lisa,Department of Education
2021,Rae,Tony,Bureau of Information and Telecommunications
2021,Rankin,Jim,Board of Regents
2021,Rechtenbaugh,Scott,Attorney General
2021,Rechtenbaugh,Shawnie,Department of Human Services
2021,Reisss,Amanda,Public Utilities Commission
2021,Richardson,Toni,Department of Revenue
2021,Richter,John,Department of Revenue
2021,Ridgway,Tim,Board of Regents
2021,Ringling,Laura,Department of Social Services
2021,Ringstmeyer,Kendra,Department of Labor and Regulation
2021,Ripley,Nina,Plumbing Commission
2021,Rislov,Greg,Public Utilities Commission
2021,Roberts,Hunter,Department of Agriculture and Natural Resources
2021,Roberts,Hunter,Dept. of Agriculture and Nat Resources
2021,Roberts,Lance,Board of Regents
2021,Roberts,Pam,Board of Regents
2021,Robling,Kevin,"Department of Game, Fish and Parks"
2021,Rohrer,Larry,Bureau of Information and Telecommunications
2021,Romkema,Priscilla,Board of Regents
2021,Rosheim,Adam,Board of Regents
2021,Roth,Kelsey,Attorney General
2021,Roth,Troy,Department of Agriculture and Natural Resources
2021,Roth,Troy,Dept. of Agriculture and Nat Resources
2021,Rounds,Krista,Secretary of State
2021,Roy,Diane,Department of Education
2021,Sanderson,Carrie,Board of Regents
2021,Sanderson,Tiffany,Department of Education
2021,Sanderson,Tiffany,Governor's Office
2021,Sattizahn,Greg,Unified Judicial System
2021,Schaefer,Randy,Board of Regents
2021,Scheibe,Aaron,Bureau of Finance and Management
2021,Scheibe,Aaron,Gov's Office of Econ Dev
2021,Scheibe,Aaron,Department of Public Safety
2021,Scheibe,Aaron P.,South Dakota Investment Council
2021,Scheibe,Laura,Department of Education
2021,Schelhaas,Sam,"Department of Game, Fish and Parks"
2021,Schiefelbein,Derek,Department of Agriculture and Natural Resources
2021,Schiefelbein,Derek,Dept. of Agriculture and Nat Resources
2021,Schieffer,Kevin,Board of Regents
2021,Schinkel,Doug,Department of Revenue
2021,Schlimgen,Catherine,Department of Corrections
2021,Schneider,Nicole,Department of Tribal Relations
2021,Scholl,Daniel,Board of Regents
2021,SCHRADER,PAUL,South Dakota Retirement System
2021,Schrank,Jane,Department of Public Safety
2021,Seaman,Todd,Department of Transportation
2021,Seeley,Darin,Bureau of Human Resources
2021,Seidel,Maggie,Governor's Office
2021,Sell,Justin,Board of Regents
2021,Semmler,Wendy,Department of Revenue
2021,Senger,Keith,Bureau of Finance and Management
2021,Shanard-Koenders,Kari,Board of Pharmacy
2021,Shanard-Koenders,Kari,Department of Health
2021,Sheahan,Madison,Governor's Office
2021,Simmons,Jason,Department of Agriculture and Natural Resources
2021,Simmons,Jason,Dept. of Agriculture and Nat Resources
2021,Simpson,Scott,"Department of Game, Fish and Parks"
2021,Skipper,Brittni,Department of Corrections
2021,Smith,Bill,Department of Agriculture and Natural Resources
2021,Smith,Bill,Dept. of Agriculture and Nat Resources
2021,Smith,Craig,Department of Transportation
2021,SMITH,DAWN,South Dakota Retirement System
2021,Snow,Pat,Bureau of Information and Telecommunications
2021,Snyder,William,Department of Social Services
2021,Soulek,Rachel,Secretary of State
2021,Sparrow,Craig,Commission On Gaming
2021,Spindle,Bill,Board of Regents
2021,STADICK SMITH,MARY,Department of Education
2021,Starr,Suzanne,Unified Judicial System
2021,Steen,Tyler,Department of Public Safety
2021,Stevens,Sadie,Unified Judicial System
2021,Stevenson,Julie,Department of Transportation
2021,Stewart,Greta,Gov's Office of Econ Dev
2021,Stoeser,Cassie,Gov's Office of Econ Dev
2021,Stoeser,Cody,Department of Education
2021,Stork,Barb,Board of Regents
2021,STORM,JACQUE,South Dakota Retirement System
2021,Stroeder,Eric,South Dakota Retirement System
2021,Stulken,Judy,Bureau of Human Resources
2021,Svendsen,Leah,Bureau of Administration
2021,Tellinghuisen,Carol,Department of Health
2021,Tellinghuisen,Carol,Board of Speech-Language Pathologists
2021,Templeton,Don,Bureau of Finance and Management
2021,Terwilliger,Jim,Department of Revenue
2021,Thares,Jim,Board of Regents
2021,Thomas,Alana,Department of Revenue
2021,Thomas,Yvette,Department of Human Services
2021,Thorman,Caroline,Governor's Office
2021,Thurber,Jon,Public Utilities Commission
2021,Tibbs,Bailey,Secretary of State
2021,Tidball-Zeltinger,Brenda,Department of Social Services
2021,Titze,Tina,Department of Public Safety
2021,Toman,Janelle,Board of Regents
2021,Trautman,Karla,Board of Regents
2021,Trefz,Dan,Board of Regents
2021,Turman,Kristi,Department of Public Safety
2021,Turner,Linda,Department of Education
2021,Valenti,Lynne,Department of Health
2021,Valentine,Tom,Department of Revenue
2021,Vallery,Rick,Gov's Office of Econ Dev
2021,Van Gerpen,Patricia,Public Utilities Commission
2021,Venhuizen,Tony,Governor's Office
2021,Villa,Heather,"Department of Game, Fish and Parks"
2021,Wadsworth,Kim,Board of Regents
2021,Walsh,Brian,Department of Agriculture and Natural Resources
2021,Walsh,Brian,Dept. of Agriculture and Nat Resources
2021,Walter,Marcia,Department of Health
2021,Walter,Marcia,Board of Chiropractic Examiners
2021,Wanous,Michael,Board of Regents
2021,Ward,Emily,Department of Labor and Regulation
2021,Warne,Kea,Secretary of State
2021,Weinmeister,Rob,Department of Public Safety
2021,Weischedel,Monica,Department of Revenue
2021,Weiss,Eric,Department of Human Services
2021,Wendell,Nick,Board of Technical Education
2021,West,Michael,Board of Regents
2021,Westra,Steve,Gov's Office of Econ Dev
2021,Wieseler,Virgena,Department of Social Services
2021,Wiest,David,Department of Revenue
2021,Wilcox,Susan,Department of Veterans Affairs
2021,Williams,Jason,State Treasurer Office
2021,Williams,Justin,Department of Health
2021,Williams,Lara,Bureau of Finance and Management
2021,Williams,Rachel,Department of Revenue
2021,Williams,Tammy,Department of Transportation
2021,Wink,Joan,Board of Regents
2021,Woodmansey,Kent,Department of Agriculture and Natural Resources
2021,Woodmansey,Kent,Dept. of Agriculture and Nat Resources
2021,Wright,Joseph,Board of Regents
2021,Yaeger,Rosa,Department of Revenue
2021,Yost,Martin,Department of the Military
2021,Young,Darin,Department of Corrections
2021,Young,Linda,Board of Nursing
2021,Young,Linda,Department of Health
2021,Younie,Joey,Department of Human Services
2021,Zanter,Mary,Public Utilities Commission
2021,Zeeb,Brian,Attorney General
2021,Zeller,Ellen,Bureau of Human Resources
2021,Zilverberg,Ashley,Department of Revenue
2022,Abeln,Barb,Department of Human Services
2022,AbouSamra,Haifa,Board of Regents
2022,Abraham,Doug,SD Science & Technology Authority
2022,Adam,Joan,Department of Health
2022,Adams,Bobi,Department of Revenue
2022,Adams,Geno,Department of Health
2022,Adams,Gino,Department of Health
2022,Afdahl,Bret,Department of Labor and Regulation
2022,Albertson,Virginia,Bureau of Finance and Management
2022,Almond,Penni,State Treasurer Office
2022,ALMOND,TRAVIS,South Dakota Retirement System
2022,Ambach,Craig,Bureau of Administration
2022,Amundson,Deni,Board of Optometry
2022,Bachand,Paul,Department of Education
2022,Bachand,Paul,Department of Public Safety
2022,Baker,Patrick,Department of Tourism
2022,Barnett,Mallori,Bureau of Human Resources
2022,Barnett,Mark,South Dakota Retirement System
2022,Bastian,John,Board of Regents
2022,Bastian,Kayla,Board of Regents
2022,Beck,Kellie,Department of Transportation
2022,Behm,Mike,Department of Transportation
2022,Bennett,Pamela,Department of Social Services
2022,Berg,Steve,Bureau of Administration
2022,Besch,Peggy,Dept. of Agriculture and Nat Resources
2022,Bierne,Jon,Department of Public Safety
2022,Bisson,Paul,South Dakota Investment Council
2022,Bollinger,Scott W.,Bureau of Administration
2022,Bonrud,Sheila,Governor's Office
2022,Booth,Deanne,Bureau of Information and Telecommunications
2022,Bormann,Tim,Attorney General
2022,Boxley,Kayla,Secretary of State
2022,Broers,John,Department of Public Safety
2022,Brown,Brock,Board of Regents
2022,Brown,Erin,Department of Veterans Affairs
2022,Brown,Erin,Department of Veterans Affairs
2022,Bruels,Andy,Dept. of Agriculture and Nat Resources
2022,Brunner,Ryan,Governor's Office
2022,Bunkers,Kristi,Department of Corrections
2022,Burchill,Pat,SD Ellsworth Development Authority
2022,Cambon,Allen,Governor's Office
2022,Cammack,Kristi,Board of Regents
2022,Campbell,Jason,Department of the Military
2022,Carlsen,Bailey,Department of Tourism
2022,Carriveau,Pam,Board of Regents
2022,Cassady,Joe,Board of Regents
2022,Caveny,Wendy,Board of Regents
2022,Chambliss,Cody,Public Utilities Commission
2022,Christian,Susan,Commission on Gaming
2022,Christopherson,Dustin,Bureau of Finance and Management
2022,Clark,Doug,Department of Corrections
2022,Clark,Matt,South Dakota Investment Council
2022,Clines,Jeff,Bureau of Information and Telecommunications
2022,Coppersmith,Bridget,Department of Corrections
2022,Corbin,Steve,Bureau of Finance and Management
2022,Corey,Cameron,Attorney General
2022,Cornelison,Mike,School and Public Lands
2022,Cowman,Tim,Dept. of Agriculture and Nat Resources
2022,Crawford,Grant,Board of Regents
2022,Cremer,Karen,Public Utilities Commission
2022,Cruse,Rebecca,Department of Tourism
2022,Davis,Ralph,Board of Regents
2022,de Hueck,Adam,Public Utilities Commission
2022,Deadrick,Tom,Attorney General
2022,Deiter,Larry,Department of Labor and Regulation
2022,DeJabet,Lee,State Treasurer Office
2022,Dell,Maggie,Department of Labor and Regulation
2022,DeSchepper,William,Bureau of Finance and Management
2022,Dokken,Beth,Department of Health
2022,Dovre,Dawn,Department of Labor and Regulation
2022,Dovre,Travis,Department of Tourism
2022,Dovre,Travis,Gov's Office of Econ Dev
2022,Dowling,Kayla,Secretary of State
2022,Dunn,Barry,Board of Regents
2022,Eckert,Brandi,Department of Revenue
2022,Edson,Kim,Department of Corrections
2022,Edwards,Kristen,Public Utilities Commission
2022,Ellsworth,Jacey,Department of Tourism
2022,Engebretson,Dan,Board of Regents
2022,Engel,Tim,Gov's Office of Econ Dev
2022,Engel,Tim M.,SD Science & Technology Authority
2022,Esperance,Jay,Department of Public Safety
2022,Evans,Jason,Department of Revenue
2022,Fiala,Joe,Gov's Office of Econ Dev
2022,FIDDLER,DOUG,South Dakota Retirement System
2022,Fisk,Keith,"Department of Game, Fish and Parks"
2022,Flett,Matt,Bureau of Finance and Management
2022,Flute,David,Department of Tribal Relations
2022,Flynn,Grant,Department of Public Safety
2022,Forney,Heather,Board of Regents
2022,Fulton,Neil,Board of Regents
2022,Fuoss,Anita,Department of Revenue
2022,Garcia,Mark,Department of Tribal Relations
2022,Gemar,Stephen,Attorney General
2022,Gere,Tom,Dept. of Agriculture and Nat Resources
2022,Gerlach,Andy,Bureau of Administration
2022,Gesick-Johnson,Ann,Gov's Office of Econ Dev
2022,Gestring,Sheila,Board of Regents
2022,Getz,Hallie,Bureau of Finance and Management
2022,Gibbons,William (Bill),Board of Regents
2022,Gill,Laurie,Department of Social Services
2022,Goetsch,Kathy,Department of Revenue
2022,Goltz,Megan,Governor's Office
2022,Goodman,Jeanne,Dept. of Agriculture and Nat Resources
2022,Goodman,Wanda,Department of Tourism
2022,Grambihler,Anissa,State Treasurer Office
2022,Gregg,Deb,Public Utilities Commission
2022,Griffiths,Jose Marie,Board of Regents
2022,Gruebele,Morgan,Bureau of Finance and Management
2022,Gussiaas,Mike,Department of Tourism
2022,Hackemer,Kurt,Board of Regents
2022,Hagen,James,Department of Tourism
2022,Haiar,Jeff,Department of Veterans Affairs
2022,Haiar,Jeff,Department of Veterans Affairs
2022,Hansen,Margaret,Board of Medical and Osteopathic Examiners
2022,Hanson,Richard,Board of Regents
2022,Harsma,Mike,Housing Development Authority
2022,Hayden-Moreland,Wayne,Bureau of Information and Telecommunications
2022,Headley,Mike,SD Science & Technology Authority
2022,Hedge,Dennis,Board of Regents
2022,Heier,Pauline,Department of Labor and Regulation
2022,Heltzel,Mark,Commission on Gaming
2022,Hepper,Clark,Department of Revenue
2022,Hight,Todd,Housing Development Authority
2022,Hluchy,Claudean,Board of Regents
2022,Hohn,Connie,Department of the Military
2022,Holbeck,Mike,Board of Regents
2022,Holbrook,Candy,Department of Labor and Regulation
2022,Hollatz,Beth,Governor's Office
2022,Holt,Kyle,Secretary of State
2022,Houdyshell,Michael,Department of Revenue
2022,Howell,Jenna,Department of Human Services
2022,Hruska,Katie,Governor's Office
2022,Hull,Melissa,State Treasurer Office
2022,Hulstein,Kirk,Department of Tourism
2022,Hultman,Marcia,Department of Labor and Regulation
2022,Humann,Michelle,South Dakota Retirement System
2022,Humig,Danna,Department of Corrections
2022,Humphrey,Jason,Department of Transportation
2022,Husby,Jason,Department of Public Safety
2022,Iverson,Callie,South Dakota One Call Notification Board - A State Agency
2022,Jares,Alison,Department of Revenue
2022,Jasper,Kirsten,Bureau of Administration
2022,Jensen,Amber,Department of Revenue
2022,Jensen,Brock,Department of Labor and Regulation
2022,Jensen,Elaine,Secretary of State
2022,Johns,James,South Dakota Retirement System
2022,Johnson,Carrie,Department of Social Services
2022,Johnson,Cecelia,Secretary of State
2022,Johnson,Derek,Bureau of Finance and Management
2022,Johnson,Jarrod,School and Public Lands
2022,Johnson,Kathy,Board of Regents
2022,Jones,Ben,Department of Education
2022,Jordan,Travis,Department of Labor and Regulation
2022,Jost,Amanda,Bureau of Information and Telecommunications
2022,Josten,Greg,Dept. of Agriculture and Nat Resources
2022,Jundt,Joel,Department of Transportation
2022,Kanta,John,"Department of Game, Fish and Parks"
2022,Kearney,Darren,Public Utilities Commission
2022,Keeler,Colin,Bureau of Finance and Management
2022,Keeler,Mary,Bureau of Finance and Management
2022,Keiser,Darcy,Dept. of Agriculture and Nat Resources
2022,Kellar,Jon,Board of Regents
2022,Kemnitz,Cindy,Public Utilities Commission
2022,Kendall,Lynn,SD Ellsworth Development Authority
2022,Kerr,Allysen,Bureau of Finance and Management
2022,Ketterling,Jason,Department of Public Safety
2022,Kirschenmann,Tom,"Department of Game, Fish and Parks"
2022,Klemann,Melissa,Governor's Office
2022,Knapp,Renee,School and Public Lands
2022,Kohler,Steven,Department of Human Services
2022,Koisti,Ben,Governor's Office
2022,Koldenhoven,Samantha,South Dakota Retirement System
2022,Kost-Hillmer,Treyton,School and Public Lands
2022,Kotilnek,Jon,"Department of Game, Fish and Parks"
2022,Kriech,Julie,Board of Regents
2022,Krogh,Mary Anne,Board of Regents
2022,Kruger,Jill,Department of Labor and Regulation
2022,Krusemark,Stacy,Board of Regents
2022,Kulesa,Greg,South Dakota Investment Council
2022,Kunkel,JoAnn,Board of Regents
2022,LaCroix,Amanda,Department of Education
2022,Landguth,Scott,SD Ellsworth Development Authority
2022,Langdell,Anne,Board of Regents
2022,Lees,Mike,Dept. of Agriculture and Nat Resources
2022,Leingang,Carla,Department of Education
2022,Lemieux,Angie,Department of Public Safety
2022,Lingle,Norman,Department of Revenue
2022,Link,Dave,Board of Regents
2022,Linn Jr.,John J.,Department of Labor and Regulation
2022,Lippert,Jeremy,Department of Social Services
2022,Lukkes,Nathan,Board of Regents
2022,Lusk,Dan,Department of Public Safety
2022,Lutz,Jason,Secretary of State
2022,Maher,Brian,Board of Regents
2022,Malone,Shannon,Department of Education
2022,Marlette,Jeff,Department of the Military
2022,Marnell,Frank,Department of Labor and Regulation
2022,Martinec,Tom,Department of Human Services
2022,Mattke,Gaye,Department of Human Services
2022,Mayer,Alex,Department of Social Services
2022,McCaulley,Matthew,Governor's Office
2022,McGuigan,Charles,Attorney General
2022,McGuigan,Darcy,Department of Health
2022,McGuire,Jaclyn,Dept. of Agriculture and Nat Resources
2022,McIntosh,Kim,Dept. of Agriculture and Nat Resources
2022,McLain,Kevin,Department of Corrections
2022,McLaury,Barry,Dept. of Agriculture and Nat Resources
2022,Mehlhaff,James,Department of Labor and Regulation
2022,Meier,Morgan,Department of Revenue
2022,Merriman,Paul,Department of Public Safety
2022,Meyer,Jennifer,Bureau of Human Resources
2022,Michels,Marshall,Department of the Military
2022,Mielke,Barry,Board of Regents
2022,Miesner,Brandy,Bureau of Finance and Management
2022,Mikkelsen,Michelle,South Dakota Retirement System
2022,Miller,Dr. Mendel,Animal Industry Board
2022,Miller,Mark,Governor's Office
2022,Miller,Melissa,Department of Labor and Regulation
2022,Miller,Rick,Department of Public Safety
2022,Minder,Janice,Board of Regents
2022,Mohr,Leah,Public Utilities Commission
2022,Moran,Joe,Department of Education
2022,Mulder,Amber,Department of Labor and Regulation
2022,Natvig,David,Attorney General
2022,Nedved,Al,"Department of Game, Fish and Parks"
2022,Nevin,Bill,Department of Transportation
2022,Nichols,Laurie,Board of Regents
2022,Nickelson,Johanna,Department of Labor and Regulation
2022,Oedekoven,Dr. Dustin,Animal Industry Board
2022,Oey,Graham,Department of Labor and Regulation
2022,Oglesby,Rachel,Governor's Office
2022,Olson,Aaron,Unified Judicial System
2022,Olson,Cora,Department of Public Safety
2022,Osborn,Fred,Department of Tribal Relations
2022,Otten,Brad,Governor's Office
2022,Overby,Dave,Board of Regents
2022,Overgaard,Julie,Bureau of Information and Telecommunications
2022,Oxner,Matt,Department of Public Safety
2022,Partridge,Jeff,Bureau of Finance and Management
2022,Pauli,Josh,Board of Regents
2022,Paulson,Veronica,Board of Regents
2022,Penaranda,Miguel,Bureau of Information and Telecommunications
2022,Perkovich,Mike,Dept. of Agriculture and Nat Resources
2022,Perry,Heather,Bureau of Information and Telecommunications
2022,Perry,Jay,Board of Regents
2022,Petersen,Chris,"Department of Game, Fish and Parks"
2022,Phillipson,Teresa,Department of Veterans Affairs
2022,Pierce,Jeff,Bureau of Information and Telecommunications
2022,Podhradsky,Ashley,Board of Regents
2022,Polak,Lorraine,Housing Development Authority
2022,Pollard,Aaron,Department of Veterans Affairs
2022,Pollard,Aaron,Department of Veterans Affairs
2022,Pontious,Brian,Dept. of Agriculture and Nat Resources
2022,Preister,Jessica,Board of Regents
2022,Price,Craig,Department of Public Safety
2022,Pullman,Shane,Department of Transportation
2022,Rae,Lisa,Department of Education
2022,Rae,Tony,Bureau of Information and Telecommunications
2022,Rankin,Jim,Board of Regents
2022,Rave,Tim,Board of Regents
2022,Rechtenbaugh,Shawnie,Department of Human Services
2022,Reisss,Amanda,Public Utilities Commission
2022,Richardson,Brad,Department of Veterans Affairs
2022,Richardson,Brad,Department of Veterans Affairs
2022,Richardson,Toni,Department of Revenue
2022,Richter,John,South Dakota Investment Council
2022,Richter,John,Department of Revenue
2022,Ridgway,Tim,Board of Regents
2022,Ringling,Laura,Department of Social Services
2022,Ripley,Nina,Department of Labor and Regulation
2022,Rislov,Greg,Public Utilities Commission
2022,Roberts,Hunter,Dept. of Agriculture and Nat Resources
2022,Roberts,Lance,Board of Regents
2022,Roberts,Pam,Board of Regents
2022,Robling,Kevin,"Department of Game, Fish and Parks"
2022,Roeber,Alex,Dept. of Agriculture and Nat Resources
2022,Rohleder,Sakura,Department of Revenue
2022,Rohrer,Larry,Bureau of Information and Telecommunications
2022,Roth,Kelsey,Attorney General
2022,Rounds,Krista,Secretary of State
2022,Sanderson,Carrie,Board of Regents
2022,Sanderson,Tiffany,Department of Education
2022,Sattizahn,Greg,Unified Judicial System
2022,Scheibe,Laura,Department of Education
2022,Schelhaas,Sam,"Department of Game, Fish and Parks"
2022,Schiefelbein,Derek,Dept. of Agriculture and Nat Resources
2022,Schilken,Chris,Gov's Office of Econ Dev
2022,Schinkel,Doug,Department of Revenue
2022,Schlimgen,Catherine,Department of Corrections
2022,Schneider,Nicole,Department of Tribal Relations
2022,Schnoor,Neal,Board of Regents
2022,Scholl,Daniel,Board of Regents
2022,SCHRADER,PAUL,South Dakota Retirement System
2022,Schrank,Jane,Department of Public Safety
2022,Seeley,Darin,Bureau of Human Resources
2022,Sell,Justin,Board of Regents
2022,Semmler,Wendy,Department of Revenue
2022,Senger,Keith,Bureau of Finance and Management
2022,Shanard-Koenders,Kari,Board of Pharmacy
2022,Simmons,Jason,Department of Social Services
2022,Simpson,Scott,"Department of Game, Fish and Parks"
2022,Skipper,Brittni,Department of Corrections
2022,Smith,Bill,Dept. of Agriculture and Nat Resources
2022,Smith,Craig,Department of Transportation
2022,SMITH,DAWN,South Dakota Retirement System
2022,Snow,Pat,Bureau of Information and Telecommunications
2022,Soto,Dana,Secretary of State
2022,Spindle,Bill,Board of Regents
2022,STADICK SMITH,MARY,Department of Education
2022,Stampe,Brandi,Department of Labor and Regulation
2022,Steen,Tyler,Department of Public Safety
2022,Stevens,Sadie,Unified Judicial System
2022,Stoeser,Cody,Department of Education
2022,Stork,Barb,Board of Regents
2022,STORM,JACQUE,South Dakota Retirement System
2022,Stroeder,Eric,South Dakota Retirement System
2022,Stulken,Judy,Bureau of Human Resources
2022,Svendsen,Leah,Bureau of Administration
2022,Tedrow,Todd,Animal Industry Board
2022,Templeton,Don,Bureau of Finance and Management
2022,Terwilliger,Jim,Department of Revenue
2022,Thares,Jim,Board of Regents
2022,Thomas,Yvette,Department of Human Services
2022,Thurber,Jon,Public Utilities Commission
2022,Tidball-Zeltinger,Brenda,Department of Social Services
2022,Titze,Tina,Department of Public Safety
2022,Toman,Janelle,Board of Regents
2022,Trautman,Karla,Board of Regents
2022,Trefz,Dan,Board of Regents
2022,Turman,Kristi,Department of Public Safety
2022,Turner,Linda,Department of Education
2022,Valenti,Lynne,Department of Health
2022,Vallery,Rick,Gov's Office of Econ Dev
2022,Van Gerpen,Patricia,Public Utilities Commission
2022,Venhuizen,Tony,Board of Regents
2022,Villa,Heather,"Department of Game, Fish and Parks"
2022,Wadsworth,Kim,Board of Regents
2022,Waldner,Mike,Gov's Office of Econ Dev
2022,Walsh,Brian,Dept. of Agriculture and Nat Resources
2022,Wanous,Michael,Board of Regents
2022,Ward,Emily,Department of Labor and Regulation
2022,Warne,Kea,Secretary of State
2022,Wasko,Kellie,Department of Corrections
2022,Watters,Stacy,Bureau of Administration
2022,Weeldreyer,Darwin,Department of Corrections
2022,Weischedel,Monica,Department of Revenue
2022,Weiss,Eric,Department of Human Services
2022,Wendell,Nick,Board of Technical Education
2022,Wendte,Jim,Dept. of Agriculture and Nat Resources
2022,Westra,Steve,Gov's Office of Econ Dev
2022,Wetz,Suzanne,Secretary of State
2022,Whitlock,Greg,Department of Veterans Affairs
2022,Whitlock,Greg,Department of Veterans Affairs
2022,Wieseler,Virgena,Department of Social Services
2022,Wiest,David,Department of Revenue
2022,Williams,Jason,State Treasurer Office
2022,Williams,Lara,Bureau of Finance and Management
2022,Williams,Rachel,Department of Revenue
2022,Winder,Michael,Department of Corrections
2022,Wink,Joan,Board of Regents
2022,Woodmansey,Kent,Dept. of Agriculture and Nat Resources
2022,Wright,Joseph,Board of Regents
2022,Yaeger,Rosa,Department of Revenue
2022,Yitagesu,Jeanelle,Department of Public Safety
2022,Yost,Martin,Department of the Military
2022,Younie,Joey,Department of Human Services
2022,Zanter,Mary,Public Utilities Commission
2022,Zeller,Ellen,Bureau of Human Resources
2022,Zilverberg,Ashley,Department of Revenue
2023,Abeln,Barb,Department of Human Services
2023,Abraham,Doug,SD Science & Technology Authority
2023,Adam,Joan,Department of Health
2023,Adams,Roberta,Department of Revenue
2023,Afdahl,Bret,Department of Labor and Regulation
2023,Aker,Sarah,Department of Social Services
2023,Albertson,Virginia,Bureau of Finance and Management
2023,Allred,John,Board of Regents
2023,Almond,Penni,State Treasurer Office
2023,ALMOND,TRAVIS,South Dakota Retirement System
2023,Althoff,Matt,Department of Social Services
2023,Ambach,Craig,Bureau of Administration
2023,Bachand,Paul,Department of Public Safety
2023,Baker,Patrick,Department of Tourism
2023,Barnett,Mallori,Bureau of Human Resources
2023,Barnett,Mark,South Dakota Retirement System
2023,Barnett,Mark,Attorney General
2023,Bastian,John,Board of Regents
2023,Bastian,Kayla,Board of Regents
2023,Beck,Kellie,Department of Transportation
2023,Behm,Mike,Department of Transportation
2023,Bennett,Pamela,Department of Social Services
2023,Berg,Steve,Bureau of Administration
2023,Besch,Peggy,Dept. of Agriculture and Nat Resources
2023,Bierne,Jon,Department of Public Safety
2023,Bies,Jayden,Governor's Office
2023,Biteler,Kaitlin,Department of Revenue
2023,Blaha,Kathryn,Department of Education
2023,Bloemendaal,Calvin,Department of Tourism
2023,Boetel,Melanie,Department of Social Services
2023,Bollinger,Scott,Bureau of Administration
2023,Bolman,Ann,Western Dakota Technical Institute
2023,Booth,Deanne,Bureau of Information and Telecommunications
2023,Bradford,Tailynn,School and Public Lands
2023,Brennick,Randy,Board of Funeral Services
2023,Brown,Brock,Board of Regents
2023,Brown,Erin,Department of Veterans Affairs
2023,Bruels,Andy,Dept. of Agriculture and Nat Resources
2023,Brunner,Ryan,Governor's Office
2023,Bruns,Amber,Board of Social Work Examiners
2023,Bunkers,Kristi,Department of Corrections
2023,Burris,Rhonda,Bureau of Information and Telecommunications
2023,Buscher,Kelli,Dept. of Agriculture and Nat Resources
2023,Campbell,Jason,Department of the Military
2023,Carlsen,Bailey,Department of Tourism
2023,Carlson,Robin,Department of Revenue
2023,Cassady,Joe,Board of Regents
2023,Chambliss,Cody,Public Utilities Commission
2023,Christian,Susan,Commission on Gaming
2023,Christopherson,Dustin,Bureau of Finance and Management
2023,Clark,Doug,Department of Corrections
2023,Clark,Liza,Board of Regents
2023,Clark,Matt,South Dakota Investment Council
2023,Clines,Jeff,Bureau of Information and Telecommunications
2023,Coppersmith,Bridget,Department of Corrections
2023,Corbin,Steve,Bureau of Finance and Management
2023,Cornelison,Mike,School and Public Lands
2023,Cowman,Tim,Dept. of Agriculture and Nat Resources
2023,Cremer,Karen,Public Utilities Commission
2023,Cruse,Rebecca,Department of Tourism
2023,Cundy,Mary,Board of Regents
2023,Davis,Ralph,Board of Regents
2023,de Hueck,Adam,Public Utilities Commission
2023,Deadrick,Tom,Secretary of State
2023,Decker,Mackenzie,Governor's Office
2023,Deiter,Larry,Department of Labor and Regulation
2023,DeJabet,Lee,State Treasurer Office
2023,DeSchepper,William,Bureau of Finance and Management
2023,DesLauries,Scott,Board of Technical Education
2023,Dokken,Beth,Department of Health
2023,Dorschner,Tony,Department of Labor and Regulation
2023,Dovre,Dawn,Department of Labor and Regulation
2023,Dovre,Travis,Gov's Office of Econ Dev
2023,Dowling,Kayla,Secretary of State
2023,Dunn,Barry,Board of Regents
2023,Edwards,Kristen,Public Utilities Commission
2023,Ellsworth,Jacey,Department of Tourism
2023,Engebretson,Dan,Board of Regents
2023,Engel,Tim,Gov's Office of Econ Dev
2023,Engel,Tim M.,SD Science & Technology Authority
2023,Evans,Jason,Department of Revenue
2023,Farris,Holly,Board of Regents
2023,Fiala,Joe,Gov's Office of Econ Dev
2023,FIDDLER,DOUG,South Dakota Retirement System
2023,Florentz,Terry,Dept. of Agriculture and Nat Resources
2023,Flute,David,Department of Tribal Relations
2023,Flynn,Grant,Department of Public Safety
2023,Forney,Heather,Board of Regents
2023,Franken,AJ,Board of Regents
2023,Fuller,Mark,Bureau of Finance and Management
2023,Fulton,Neil,Board of Regents
2023,Fuoss,Anita,Bureau of Administration
2023,Fury,Ian,Governor's Office
2023,Garcia,Mark,Department of Tribal Relations
2023,Geddes,Brooke,Board of Funeral Services
2023,Geddes,Brooke,Board of Social Work Examiners
2023,Geddes,Brooke,Board of Speech-Language Pathologists
2023,Gemar,Stephen,Attorney General
2023,Gere,Tom,Dept. of Agriculture and Nat Resources
2023,Gerlach,Andy,Bureau of Administration
2023,Gerry,Darrin,Department of Revenue
2023,Gesick-Johnson,Ann,Gov's Office of Econ Dev
2023,Gestring,Sheila,Board of Regents
2023,Getz,Hallie,Department of Tourism
2023,Gibbons,Bill,Board of Regents
2023,Goltz,Megan,Governor's Office
2023,Goodman,Jeanne,Dept. of Agriculture and Nat Resources
2023,Goodman,Wanda,Department of Tourism
2023,Grambihler,Anissa,State Treasurer Office
2023,Graves,Joe,Department of Education
2023,Gregg,Deb,Public Utilities Commission
2023,Griffiths,Jose Marie,Board of Regents
2023,Griggs,Robert,Southeast Technical College
2023,Gronlund,Eric,Dept. of Agriculture and Nat Resources
2023,Gruebele,Morgan,Bureau of Finance and Management
2023,Gussiaas,Mike,Department of Tourism
2023,Gustafson,Derek,Department of Labor and Regulation
2023,Hackemer,Kurt,Board of Regents
2023,Hagen,James,Department of Tourism
2023,Hansen,Dave,Board of Regents
2023,Hanson,Richard,Board of Regents
2023,Harrington,Nicholas,"Department of Game, Fish and Parks"
2023,Harsma,Mike,Housing Development Authority
2023,Haugan,Leah,Bureau of Administration
2023,Hayden-Moreland,Wayne,Bureau of Information and Telecommunications
2023,Hayes,Rocky,School and Public Lands
2023,Headley,Mike,SD Science & Technology Authority
2023,Hedge,Dennis,Board of Regents
2023,Heier,Pauline,Department of Labor and Regulation
2023,Heltzel,Mark,Commission on Gaming
2023,Hepper,Clark,Department of Revenue
2023,Herman,Jade,Board of Regents
2023,Hight,Todd,Housing Development Authority
2023,Hitchcock,Sarah,Governor's Office
2023,Hluchy,Claudean,Board of Regents
2023,Hoblick,Dan,Bureau of Information and Telecommunications
2023,Hoey,Rebecca,Board of Regents
2023,Hohn,Connie,Department of the Military
2023,Holbeck,Mike,Board of Regents
2023,Holbrook,Candy,Department of Labor and Regulation
2023,Hollatz,Beth,Governor's Office
2023,Houdyshell,Michael,Department of Revenue
2023,Howell,Jenna,Department of Human Services
2023,Hruska,Katie,Governor's Office
2023,Hull,Melissa,State Treasurer Office
2023,Hulstein,Kirk,Department of Tourism
2023,Hultman,Marcia,Department of Labor and Regulation
2023,Humann,Michelle,South Dakota Retirement System
2023,Humphrey,Jason,Department of Transportation
2023,Isler,Vicki,Board of Social Work Examiners
2023,Jares,Alison,Department of Revenue
2023,Jasper,Kirsten,Department of Revenue
2023,Jensen,Amber,Department of Revenue
2023,Jensen,Brock,Department of Labor and Regulation
2023,Jensen,Elaine,Secretary of State
2023,Johns,James,South Dakota Retirement System
2023,Johnson,Carrie,Department of Social Services
2023,Johnson,Chuck,Department of Veterans Affairs
2023,Johnson,Derek,Bureau of Finance and Management
2023,Johnson,Jeremy,Department of Social Services
2023,Johnson,Kathy,Board of Regents
2023,Jones,Ben,Department of Education
2023,Jordan,Travis,Department of Labor and Regulation
2023,Jost,Amanda,Bureau of Information and Telecommunications
2023,Jundt,Joel,Department of Transportation
2023,Kearney,Darren,Public Utilities Commission
2023,Keeler,Colin,Bureau of Finance and Management
2023,Keeler,Mary,Bureau of Finance and Management
2023,Keiser,Darcy,Dept. of Agriculture and Nat Resources
2023,Kern,Paul,Board of Regents
2023,Kerr,Allysen,Bureau of Finance and Management
2023,Ketterling,Jason,Department of Public Safety
2023,Kiel,Emily,Department of Health
2023,Kilpinen,Jon,Board of Regents
2023,Kimnitz,Cindy,Public Utilities Commission
2023,Kirschenmann,Tom,"Department of Game, Fish and Parks"
2023,Kitts,Jordon,Department of Transportation
2023,Knapp,Renee,School and Public Lands
2023,Kohler,Steven,Bureau of Finance and Management
2023,Koisti,Ben,Governor's Office
2023,Koldenhoven,Samantha,South Dakota Retirement System
2023,Kost-Hillmer,Treyon,School and Public Lands
2023,Kotilnek,Jon,"Department of Game, Fish and Parks"
2023,Kriech,Julie,Board of Regents
2023,Krogh,Mary Anne,Board of Regents
2023,Kruger,Jill,Department of Labor and Regulation
2023,Krusemark,Stacy,Board of Regents
2023,Krzmarzick,Heather,Department of Human Services
2023,Kurth,Amanda,Department of Public Safety
2023,LaCroix,Amanda,Department of Education
2023,Landguth,Scott,SD Ellsworth Development Authority
2023,Langdell,Anne,Board of Regents
2023,Latham,Jenna,State Auditor's Office
2023,Lees,Mike,Dept. of Agriculture and Nat Resources
2023,Lemieux,Angie,Department of Public Safety
2023,Lingle,Norman,Department of Revenue
2023,Link,David,Board of Regents
2023,Lippert,Jeremy,Department of Social Services
2023,Lukkes,Nathan,Board of Regents
2023,Lusk,Dan,Department of Public Safety
2023,Lutz,Jason,Bureau of Finance and Management
2023,Lyons,Shawn,"Department of Game, Fish and Parks"
2023,Magstadt,Melissa,Department of Health
2023,Maher,Brian,Board of Regents
2023,Malone,Shannon,Department of Education
2023,Manhart,Logan,Secretary of State
2023,Marlette,Jeff,Department of the Military
2023,Marnell,Frank,Department of Labor and Regulation
2023,Martinec,Tom,Department of Human Services
2023,Mattke,Gaye,Department of Human Services
2023,Mayer,Alex,Department of Social Services
2023,Mayer,Mark,Dept. of Agriculture and Nat Resources
2023,McCabe,Jerry,Department of Labor and Regulation
2023,McGuigan,Charles,Attorney General
2023,McGuigan,Darcy,Department of Health
2023,McGuire,Jackie,Department of Agriculture and Natural Resources
2023,McLaury,Barry,Dept. of Agriculture and Nat Resources
2023,Meendering,Jonathan,Board of Regents
2023,Merriman,Paul,Department of Public Safety
2023,Meyer,Jennifer,Bureau of Human Resources
2023,Michels,Marshall,Department of the Military
2023,Mielke,Barry,Board of Regents
2023,Miesner,Brandy,Bureau of Finance and Management
2023,Mikkelsen,Michelle,South Dakota Retirement System
2023,Miller,Adam,Secretary of State
2023,Miller,Dr. Mendel,Animal Industry Board
2023,Miller,Mark,Governor's Office
2023,Miller,Melissa,Department of Labor and Regulation
2023,Miller,Rick,Department of Public Safety
2023,Minder,Janice,Board of Regents
2023,Mohr,Leah,Public Utilities Commission
2023,Moran,Joe,Department of Education
2023,Mulder,Amber,Department of Labor and Regulation
2023,Nagel,Justin,School and Public Lands
2023,Nedved,Al,"Department of Game, Fish and Parks"
2023,Nichols,Laurie,Board of Regents
2023,Nickelson,Johanna,Department of Labor and Regulation
2023,Nincehelser,Trent,Bureau of Information and Telecommunications
2023,Oglesby,Rachel,Governor's Office
2023,Olson,Aaron,Unified Judicial System
2023,Olson,Cora,Department of Public Safety
2023,Osborn,Fred,Department of Tribal Relations
2023,Otten,Brad,Governor's Office
2023,Overby,Dave,Board of Regents
2023,Overcash,Jeff,Department of Human Services
2023,Overgaard,Julie,Bureau of Information and Telecommunications
2023,Pallotta,Howard,Department of Health
2023,Partridge,Jeff,Board of Regents
2023,Paulson,Veronica,Board of Regents
2023,Penaranda,Miguel,Bureau of Information and Telecommunications
2023,Perkovich,Mike,Dept. of Agriculture and Nat Resources
2023,Perry,Heather,Bureau of Information and Telecommunications
2023,Perry,Jay,Board of Regents
2023,Petersen,Chris,"Department of Game, Fish and Parks"
2023,Peterson,Casey,SD Science & Technology Authority
2023,Peterson,Joel,Department of Public Safety
2023,Plumage,Noreen,Unified Judicial System
2023,Podhradsky,Ashley,Board of Regents
2023,Polak,Lorraine,Housing Development Authority
2023,Pollard,Aaron,Department of Veterans Affairs
2023,Pontious,Brian,Dept. of Agriculture and Nat Resources
2023,Price,Craig,Department of Public Safety
2023,Pullman,Shane,Department of Transportation
2023,Rae,Lisa,Department of Education
2023,Rae,Tony,Bureau of Information and Telecommunications
2023,Rankin,Jim,Board of Regents
2023,Rave,Tim,Board of Regents
2023,Rechtenbaugh,Shawnie,Department of Human Services
2023,Rehorst,Abby,Board of Funeral Services
2023,Rehorst,Abby,Board of Speech-Language Pathologists
2023,Reiss,Amanda,Public Utilities Commission
2023,Richardson,Toni,Department of Revenue
2023,Richter,John,South Dakota Investment Council
2023,Ridgway,Tim,Board of Regents
2023,Ringling,Laura,Governor's Office
2023,Ringstmeyer,Kendra,Department of Labor and Regulation
2023,Ripley,Nina,State Plumbing Commission
2023,Rislov,Greg,Public Utilities Commission
2023,Roberts,Hunter,Dept. of Agriculture and Nat Resources
2023,Roberts,Jerilyn,Board of Regents
2023,Roberts,Lance,Board of Regents
2023,Roberts,Pam,Board of Regents
2023,Robling,Kevin,"Department of Game, Fish and Parks"
2023,Roggow,Jason,Dept. of Agriculture and Nat Resources
2023,Rohrer,Larry,Bureau of Information and Telecommunications
2023,Rombough,Kyrik,Dept. of Agriculture and Nat Resources
2023,Roth,Kelsey,Attorney General
2023,Roth,Troy,Dept. of Agriculture and Nat Resources
2023,Sanderson,Carrie,Board of Regents
2023,Sanderson,Carrie,Center for the Prevention of Child Maltreatment
2023,Sanderson,Tiffany,Lake Area Technical College
2023,Satterlee,Dan,Attorney General
2023,Sattizahn,Greg,Unified Judicial System
2023,Schaefbauer,Ali,Department of Revenue
2023,Scheibe,Laura,Department of Education
2023,Schelhaas,Sam,"Department of Game, Fish and Parks"
2023,Schiefelbein,Derek,Department of Agriculture and Natural Resources
2023,Schilken,Chris,Gov's Office of Econ Dev
2023,Schinkel,Douglas,Department of Revenue
2023,Schneider,Nicole,Department of Tribal Relations
2023,Schnoor,Neal,Board of Regents
2023,Scholl,Daniel,Board of Regents
2023,SCHRADER,PAUL,South Dakota Retirement System
2023,Schrank,Jane,Department of Public Safety
2023,Seamon,George,Department of Education
2023,Seeley,Darin,Bureau of Human Resources
2023,Semmler,Wendy,Department of Revenue
2023,Senger,Keith,Bureau of Finance and Management
2023,Sievers,Brenda,Dept. of Agriculture and Nat Resources
2023,Simmons,Jason,Department of Social Services
2023,Simpson,Scott,"Department of Game, Fish and Parks"
2023,Skipper,Brittni,Department of Corrections
2023,Slade,Mark,SD Small Business Development Center
2023,Smith,Bill,Dept. of Agriculture and Nat Resources
2023,Smith,Craig,Department of Transportation
2023,SMITH,DAWN,South Dakota Retirement System
2023,Snow,Pat,Bureau of Information and Telecommunications
2023,Soulek,Rachel,Secretary of State
2023,Spindle,Bill,Board of Regents
2023,Spring,Lyle,South Dakota Brand Board
2023,Stadick Smith,Mary,Department of Education
2023,Stahl,Jon,Department of Public Safety
2023,Stalley,Jennifer,Board of Addiction and Prevention Professionals
2023,Stanley,Lisa,Board of Social Work Examiners
2023,Steen,Tyler,Department of Public Safety
2023,Stevens,Sadie,Unified Judicial System
2023,Stiles,Diane,Lake Area Technical College
2023,Stoeser,Cody,Department of Education
2023,STORM,JACQUE,South Dakota Retirement System
2023,Strategies,GSG,SD Science & Technology Authority
2023,Stroeder,Eric,South Dakota Retirement System
2023,Stulken,Judy,Bureau of Human Resources
2023,Switzer,Chad,"Department of Game, Fish and Parks"
2023,Tedrow,Dr Todd,Animal Industry Board
2023,Tellinghuisen,Carol,Board of Funeral Services
2023,Tellinghuisen,Carol,Board of Social Work Examiners
2023,Tellinghuisen,Carol,Board of Speech-Language Pathologists
2023,Templeton,Don,Bureau of Finance and Management
2023,Terwilliger,Jim,Bureau of Finance and Management
2023,Thares,Jim,Board of Regents
2023,Thompson,Dr Beth,Animal Industry Board
2023,Thurber,Jon,Public Utilities Commission
2023,Tidball-Zeltinger,Brenda,Department of Social Services
2023,Titze,Tina,Department of Public Safety
2023,Trapp,Debbie,South Dakota Brand Board
2023,Trautman,Karla,Board of Regents
2023,Trefz,Dan,Board of Regents
2023,Tritle,Blaire,Bureau of Finance and Management
2023,Tronvold,Jeff,Unified Judicial System
2023,Turman,Kristi,Department of Public Safety
2023,Turner,Linda,Department of Education
2023,Valenti,Lynne,Department of Health
2023,Vallery,Rick,Gov's Office of Econ Dev
2023,Van Gerpen,Patricia,Public Utilities Commission
2023,Vance,Scott,South Dakota Brand Board
2023,Vester,Alan,Governor's Office
2023,Wadsworth,Kim,Board of Regents
2023,Wahl,Faron,State Fair Commission
2023,Waldner,Mike,Gov's Office of Econ Dev
2023,Walsh,Brian,Dept. of Agriculture and Nat Resources
2023,Wanous,Michael,Board of Regents
2023,Ward,Emily,Department of Labor and Regulation
2023,Warnke,Marcus,Dept. of Agriculture and Nat Resources
2023,Wasko,Kellie,Department of Corrections
2023,Waterson,Cheriee,Department of Education
2023,Watters,Stacy,Bureau of Administration
2023,Webster,Dan,Department of Revenue
2023,Weischedel,Monica,Department of Revenue
2023,Weiss,Eric,Department of Human Services
2023,Welch,Nate,Gov's Office of Econ Dev
2023,Wendell,Nick,Board of Technical Education
2023,Wendte,Jim,Dept. of Agriculture and Nat Resources
2023,Westra,Steve,Gov's Office of Econ Dev
2023,Whitlock,Greg,Department of Veterans Affairs
2023,Wickham,Jay,Department of Public Safety
2023,Wiest,David,Department of Revenue
2023,Williams,Jason,State Treasurer Office
2023,Williams,Mandy,Board of Speech-Language Pathologists
2023,Williams,Myron,South Dakota Brand Board
2023,Williams,Rachel,Bureau of Finance and Management
2023,Winder,Michael,Department of Corrections
2023,Wink,Joan,Board of Regents
2023,Wolfgang,Tiffany,Department of Social Services
2023,Woodmansey,Kent,Dept. of Agriculture and Nat Resources
2023,Yaeger,Rosa,Department of Revenue
2023,Yitagesu,Jeanelle,Department of Public Safety
2023,Yost,Martin,Department of the Military
2023,Youngberg,Jordan,State Treasurer Office
2023,Younie,Joey,Department of Human Services
2023,Zanter,Mary,Public Utilities Commission
2023,Zeller,Ellen,Bureau of Human Resources
2023,Zilverberg,Ashley,Department of Revenue
2024,Abeln,Barb,Department of Human Services
2024,Abraham,Doug,SD Science & Technology Authority
2024,Adams,Roberta,Department of Revenue
2024,Afdahl,Bret,Department of Labor and Regulation
2024,Almond,Penni,State Treasurer Office
2024,Almond,Travis,South Dakota Retirement System
2024,Althoff,Matt,Department of Social Services
2024,Ambach,Craig,Bureau of Human Resources and Administration
2024,Anderson,Laurie,Board of Regents
2024,Anderson,Robert,Board of Regents
2024,Appl,Jim,South Dakota Retirement System
2024,Ashes,SeVern,Bureau of Information and Telecommunications
2024,Bachand,Paul,Governor's Office
2024,Bachand,Paul,Department of Public Safety
2024,Baker,Patrick,Department of Tourism
2024,Barnett,Mallori,Bureau of Human Resources and Administration
2024,Bastian,Kayla,Board of Regents
2024,Beck,Kellie,Department of Transportation
2024,Behm,Mike,Department of Transportation
2024,Bennett,Pamela,Department of Social Services
2024,Berg,Steven,Bureau of Human Resources and Administration
2024,Besch,Peggy,Department of Agriculture and Natural Resources
2024,Bierne,Jon,Department of Public Safety
2024,Bies,Jayden,Governor's Office
2024,Biteler,Kaitlin,Department of Revenue
2024,Blaha,Kathryn,Department of Education
2024,Blanton,John,Board of Regents
2024,Bloemendaal,Calvin,Department of Tourism
2024,Boetel,Melanie,Department of Social Services
2024,Boxley,Kayla,Secretary of State
2024,Brentlinger,Ann,Board of Regents
2024,Broers,John,Department of Public Safety
2024,Brown,Brock,Board of Regents
2024,Bruce,Harold,Bureau of Information and Telecommunications
2024,Bruels,Andy,Department of Agriculture and Natural Resources
2024,Brunner,Ryan,Governor's Office
2024,Bunkers,Kristi,Department of Corrections
2024,Burrows,Whitney,Board of Medical and Osteopathic Examiners
2024,Campbell,Jason,Department of the Military
2024,Carlson,Robin,Department of Revenue
2024,Cassady,Joe,Board of Regents
2024,Chambliss,Cody,Public Utilities Commission
2024,Christian,Susan,Commission on Gaming
2024,Christopherson,Dustin,Bureau of Finance and Management
2024,Clark,Doug,Department of Corrections
2024,Clark,Liza,Board of Regents
2024,Clark,Matt,South Dakota Investment Council
2024,Clines,Jeff,Bureau of Information and Telecommunications
2024,Collins,Casey,Department of Public Safety
2024,Coppersmith,Bridget,Department of Corrections
2024,Corbin,Steve,Bureau of Finance and Management
2024,Corey,Cam,Lake Area Technical College
2024,Cornelison,Mike,School and Public Lands
2024,Cowman,Tim,Department of Agriculture and Natural Resources
2024,Cruse,Rebecca,Department of Tourism
2024,Cundy,Mary,Board of Regents
2024,Deadrick,Tom J.,Secretary of State
2024,Decker,Mackenzie,Governor's Office
2024,Decker,Todd,Board of Hearing Aid Dispensers
2024,Deiter,Larry,Department of Labor and Regulation
2024,DeJabet,Lee,State Treasurer Office
2024,DesLauriers,Scott,Board of Technical Education
2024,Dittman,Judy,Board of Regents
2024,Dokken,Beth,Department of Health
2024,Dorschner,Tony,Department of Labor and Regulation
2024,Dovre,Dawn,Department of Labor and Regulation
2024,Dovre,Travis,Gov's Office of Econ Dev
2024,Dowling,Kayla,Secretary of State
2024,Dunn,Barry,Board of Regents
2024,Duvall,Ron,Department of Agriculture and Natural Resources
2024,Eckert,Brandi,Department of Revenue
2024,Edwards,Kristen,Public Utilities Commission
2024,Elliott,Steve,Board of Regents
2024,Ellsworth,Jacey,Department of Tourism
2024,Engebretson,Dan,Board of Regents
2024,Engel,Tim,Gov's Office of Econ Dev
2024,Engel,Tim M.,SD Science & Technology Authority
2024,Engler,Gregg,Bureau of Human Resources and Administration
2024,Erickson,Samara,Secretary of State
2024,Evans,Jason,Department of Revenue
2024,Evins,Tyler,Department of Labor and Regulation
2024,Farris,Holly,Board of Regents
2024,Fawcett,Kayla,Department of Agriculture and Natural Resources
2024,Fiala,Joe,Gov's Office of Econ Dev
2024,Fiddler,Doug,South Dakota Retirement System
2024,Finck,Caleb,School and Public Lands
2024,Florentz,Terry,Department of Agriculture and Natural Resources
2024,Flute,David,Department of Tribal Relations
2024,Flynn,Grant,Attorney General
2024,Fonkert,Jesse,Gov's Office of Econ Dev
2024,Forney,Heather,Board of Regents
2024,Franken,AJ,Board of Regents
2024,Frederick,Randy,Board of Regents
2024,Fulton,Neil,Board of Regents
2024,Fuoss,Anita,Bureau of Human Resources and Administration
2024,Fury,Ian,Governor's Office
2024,Garelick Bell,Ross B,Lower Brule Sioux Tribe
2024,Gemar,Stephen,Attorney General
2024,Gere,Tom,Department of Agriculture and Natural Resources
2024,Gerry,Darrin,Department of Revenue
2024,Gesick-Johnson,Ann,Gov's Office of Econ Dev
2024,Gestring,Sheila,Board of Regents
2024,Goltz,Megan,Governor's Office
2024,Good,Kylie,Department of Agriculture and Natural Resources
2024,Goodman,Wanda,Department of Tourism
2024,Grambihler,Anissa,State Treasurer Office
2024,Graves,Dr. Joseph,Department of Education
2024,Greenfield,Brock,School and Public Lands
2024,Gregg,Deb,Public Utilities Commission
2024,Griffiths,Jose - Marie,Board of Regents
2024,Griffiths,Jose Marie,Board of Regents
2024,Griggs,Robert,Southeast Technical College
2024,Gronlund,Eric,Department of Agriculture and Natural Resources
2024,Gruebele,Morgan,Bureau of Finance and Management
2024,Gussiaas,Mike,Department of Tourism
2024,Gustafson,Derek,Department of Labor and Regulation
2024,Hackemer,Kurt,Board of Regents
2024,Hagen,James,Department of Tourism
2024,Hansen,Dave,Board of Regents
2024,Hansen,Margaret,Board of Medical and Osteopathic Examiners
2024,Harrington,Nicholas,"Department of Game, Fish and Parks"
2024,Harsma,Mike,Housing Development Authority
2024,Haugan,Leah,Bureau of Human Resources and Administration
2024,Hayden-Moreland,Wayne,Bureau of Information and Telecommunications
2024,Headley,Mike,SD Science & Technology Authority
2024,Hedge,Dennis,Board of Regents
2024,Heltzel,Mark,Commission on Gaming
2024,Hepper,Clark,Department of Revenue
2024,Herman,Jade,Board of Regents
2024,Hight,Todd,Housing Development Authority
2024,Hinker,Clint,Board of Hearing Aid Dispensers
2024,Hitchcock,Sarah,Governor's Office
2024,Hluchy,Claudean,Board of Regents
2024,Hoey,Rebecca,Board of Regents
2024,Hohn,Connie,Department of the Military
2024,Holbeck,Mike,Board of Regents
2024,Holbrook,Candy,Department of Labor and Regulation
2024,Hollatz,Beth,Governor's Office
2024,Holt,Kyle,School and Public Lands
2024,Houdyshell,Michael,Department of Revenue
2024,Howard,Megan,Bureau of Human Resources and Administration
2024,Howell,Jenna,Department of Human Services
2024,Hruska,Katie,Governor's Office
2024,Huft,Dave,Department of Transportation
2024,Hull,Melissa,State Treasurer Office
2024,Hulstein,Kirk,Department of Tourism
2024,Hultman,Marcia,Department of Labor and Regulation
2024,Humann,Michelle,South Dakota Retirement System
2024,Humphrey,Jason,Department of Transportation
2024,Husby,Jason,Department of Public Safety
2024,Jares,Alison,Department of Revenue
2024,Jasper,Kirsten,Department of Revenue
2024,Jensen,Amber,Department of Revenue
2024,Jensen,Brock,Department of Labor and Regulation
2024,Johnson,Chuck,Department of Veterans Affairs
2024,Johnson,Derek,Bureau of Finance and Management
2024,Johnson,Jeremy,Department of Social Services
2024,Johnson,Kathy,Board of Regents
2024,Jones,Ben,Department of Education
2024,Jordan,Travis,Department of Labor and Regulation
2024,Jorgensen,Lindsey,Board of Hearing Aid Dispensers
2024,Jost,Amanda,Bureau of Information and Telecommunications
2024,Joy,Amelia,Governor's Office
2024,Jundt,Joel,Department of Transportation
2024,Kappenman,Angi,Bureau of Human Resources and Administration
2024,Kearney,Darren,Public Utilities Commission
2024,Keeler,Colin,Bureau of Finance and Management
2024,Keeler,Mary,Bureau of Finance and Management
2024,Keiser,Darcy,Department of Agriculture and Natural Resources
2024,Kemnitz,Cindy,Public Utilities Commission
2024,Kempema,Brent,Attorney General
2024,Kern,Paul,Board of Regents
2024,Kerr,Allysen,Bureau of Finance and Management
2024,Ketterling,Jason,Department of Public Safety
2024,Kiel,Emily,Department of Health
2024,Kilpinen,Jon,Board of Regents
2024,Kilpinen,Jon,Board of Regents
2024,Kirschenmann,Tom,"Department of Game, Fish and Parks"
2024,Knapp,Renee,School and Public Lands
2024,Koch,Duncan,Bureau of Finance and Management
2024,Kohler,Steven,Bureau of Finance and Management
2024,Koisti,Ben,Governor's Office
2024,Koldenhoven,Sam,South Dakota Retirement System
2024,Kotilnek,Jon,Governor's Office
2024,Kriech,Julie,Board of Regents
2024,Krogh,Mary Anne,Board of Regents
2024,Kruger,Jill,Department of Labor and Regulation
2024,Krusemark,Stacy,Board of Regents
2024,Krzmarzick,Heather,Department of Human Services
2024,LaCroix,Amanda,Department of Education
2024,LaMie,Jessica,Attorney General
2024,Landguth,Scott,South Dakota Ellsworth Development Authority
2024,Langdell,Anne,Board of Regents
2024,LaRoche,Wade,Department of Revenue
2024,Lees,Mike,Department of Agriculture and Natural Resources
2024,Lehrkamp,Christine,Secretary of State
2024,Lemieux,Angie,Department of Public Safety
2024,Limoges,Chuck,Bureau of Information and Telecommunications
2024,Lingle,Norman,Department of Revenue
2024,Link,David,Board of Regents
2024,Link,Marty,Department of Health
2024,Lippert,Jeremy,Department of Social Services
2024,Lochner,Jim,Board of Regents
2024,Lorenzen,Paul,Department of Agriculture and Natural Resources
2024,Lukkes,Nathan,Board of Regents
2024,Lusk,Dan,Department of Public Safety
2024,Lutz,Jason,Bureau of Finance and Management
2024,Lyons,Shawn,"Department of Game, Fish and Parks"
2024,Magstadt,Melissa,Department of Health
2024,Maier,Morgan,Department of Revenue
2024,Malone,Shannon,Department of Education
2024,Marnell,Frank,Department of Labor and Regulation
2024,Marquardt,Abby,Department of Tribal Relations
2024,Martinec,Tom,Department of Human Services
2024,Mattke,Gaye,Department of Human Services
2024,Mayer,Alex,Department of Social Services
2024,Mayer,Mark,Department of Agriculture and Natural Resources
2024,McCabe,Jerry,Department of Labor and Regulation
2024,McFarling,Tina,Department of Agriculture and Natural Resources
2024,McGuigan,Charles,Attorney General
2024,McGuigan,Darcy,Department of Health
2024,McGuire,Jaclyn,Department of Agriculture and Natural Resources
2024,Meendering,Jonathan,Board of Regents
2024,Merriman,Paul,Department of Public Safety
2024,Meyer,Jennifer,Bureau of Human Resources and Administration
2024,Michels,Marshall,Department of the Military
2024,Michels,Nicholaus,"Department of Game, Fish and Parks"
2024,Mielke,Barry,Board of Regents
2024,Miesner,Brandy,Bureau of Finance and Management
2024,Mikkelsen,Michelle,South Dakota Retirement System
2024,Miller,Dr. Mendel,Animal Industry Board
2024,Minder,Janice,Board of Regents
2024,Mohr,Leah,Public Utilities Commission
2024,Molseed,Adam,Gov's Office of Econ Dev
2024,Moran,Joe,Department of Education
2024,Morrell,MG Mark,Department of the Military
2024,Morrison,Doug,Board of Regents
2024,Mosteller,Chad,Attorney General
2024,Mulder,Amber,Department of Labor and Regulation
2024,Nagel,Justin,School and Public Lands
2024,Nedved,Al,"Department of Game, Fish and Parks"
2024,Nickelson,Johanna,Department of Labor and Regulation
2024,Niedringhaus,Paul,Department of Public Safety
2024,Nincehelser,Trent,Bureau of Information and Telecommunications
2024,Nishimura,Tony,South Dakota Ellsworth Development Authority
2024,Olson,Aaron,Unified Judicial System
2024,Olson,Chas,Housing Development Authority
2024,Olson,Cora,Department of Public Safety
2024,Osborn,Fred,Department of Tribal Relations
2024,Otten,Brad,Governor's Office
2024,Overby,Dave,Board of Regents
2024,Overgaard,Julie,Bureau of Information and Telecommunications
2024,Overweg,Pam,Department of Labor and Regulation
2024,Partridge,Jeff,Board of Regents
2024,Paulson,Veronica,Board of Regents
2024,Penaranda,Miguel,Bureau of Information and Telecommunications
2024,Perry,Bob,Department of Public Safety
2024,Perry,Heather,Bureau of Information and Telecommunications
2024,Perry,Jay,Board of Regents
2024,Petersen,Chris,"Department of Game, Fish and Parks"
2024,Peterson,Casey,SD Science & Technology Authority
2024,Peterson,Joel,Department of Public Safety
2024,Plumage,Noreen,Unified Judicial System
2024,Podhradsky,Ashley,Board of Regents
2024,Pollard,Aaron,Department of Veterans Affairs
2024,Proffitt,John,Bureau of Finance and Management
2024,Pullman,Shane,Department of Transportation
2024,Rae,Lisa,Department of Education
2024,Rae,Tony,Bureau of Information and Telecommunications
2024,Rankin,Jim,Board of Regents
2024,Rasmussen,Randy,Board of Regents
2024,Rave,Tim,Board of Regents
2024,Rechtenbaugh,Scott,Department of Public Safety
2024,Rechtenbaugh,Shawnie,Department of Human Services
2024,Reenders,Dr Susan,Animal Industry Board
2024,Reindl,Leanne,Department of Veterans Affairs
2024,Reiners,Brad,Department of Public Safety
2024,Reis,Jenna,Board of Technical Education
2024,Reiss,Amanda,Public Utilities Commission
2024,Richardson,Toni,Department of Revenue
2024,Richter,John,South Dakota Investment Council
2024,Ridgway,Tim,Board of Regents
2024,Ringling,Laura,Governor's Office
2024,Ringstmeyer,Kendra,Department of Labor and Regulation
2024,Rislov,Greg,Public Utilities Commission
2024,Roberts,Hunter,Department of Agriculture and Natural Resources
2024,Roberts,Jerilyn,Board of Regents
2024,Roberts,Lance,Board of Regents
2024,Roberts,Pam,Board of Regents
2024,Robertson,Tiff,South Dakota Ellsworth Development Authority
2024,Robling,Kevin,"Department of Game, Fish and Parks"
2024,Rombough,Kyrik,Department of Agriculture and Natural Resources
2024,Roth,Kelsey,Attorney General
2024,Roth,Troy,Department of Agriculture and Natural Resources
2024,Satterlee,Dan,Attorney General
2024,Sattizahn,Greg,Unified Judicial System
2024,Schaefbauer,Ali,Department of Revenue
2024,Schaefbauer,Logan,Public Utilities Commission
2024,Scheibe,Laura,Department of Education
2024,Schelhaas,Sam,"Department of Game, Fish and Parks"
2024,Schiefelbein,Derek,Department of Agriculture and Natural Resources
2024,Schilken,Chris,Gov's Office of Econ Dev
2024,Schinkel,Doug,Department of Revenue
2024,Schneider,Nicole,Department of Tribal Relations
2024,Schnoor,Neal,Board of Regents
2024,Scholl,Daniel,Board of Regents
2024,Schoonhoven,Timothy,Department of Agriculture and Natural Resources
2024,Seamon,George,Department of Education
2024,Seeley,Darin,Bureau of Human Resources and Administration
2024,Semmler,Wendy,Department of Revenue
2024,Senger,Keith,Bureau of Finance and Management
2024,Severyn,Jenna,Department of Public Safety
2024,Sievers,Brenda,Department of Agriculture and Natural Resources
2024,Simmons,Jason,Department of Social Services
2024,Simpson,Scott,"Department of Game, Fish and Parks"
2024,Sinner,Missy,Gov's Office of Econ Dev
2024,Skipper,Brittni,Department of Corrections
2024,Smith,Bill,Department of Agriculture and Natural Resources
2024,Smith,Craig,Department of Transportation
2024,Smith,Dawn,South Dakota Retirement System
2024,Smith,Steve,Board of Regents
2024,Snow,Pat,Bureau of Information and Telecommunications
2024,Soulek,Rachel,Secretary of State
2024,Southern,Dr. Tim,Department of Health
2024,Spindle,Bill,Board of Regents
2024,Stadick Smith,Mary,Department of Education
2024,Stahl,Jon,Department of Public Safety
2024,Steen,Tyler,Department of Public Safety
2024,Stevens,Sadie,Unified Judicial System
2024,Stoeser,Cody,Department of Education
2024,Stoeser,Tiffany,Attorney General
2024,Storm,Jacque,South Dakota Retirement System
2024,Stroeder,Eric,South Dakota Retirement System
2024,Stuck,Haven,South Dakota Brand Board
2024,Sung,Yolanda,Bureau of Finance and Management
2024,Switzer,Chad,"Department of Game, Fish and Parks"
2024,Tant,Cheyenne,Department of Agriculture and Natural Resources
2024,Tellinghuisen Geddes,Brooke,Board of Hearing Aid Dispensers
2024,Templeton,Don,Bureau of Finance and Management
2024,Terwilliger,Jim,Bureau of Finance and Management
2024,Thompson,Dr Beth,Animal Industry Board
2024,Thurber,Jon,Public Utilities Commission
2024,Tibbs,Bailey,Secretary of State
2024,Tidball-Zeltinger,Brenda,Department of Social Services
2024,Titze,Tina,Department of Public Safety
2024,Trapp,Debbie,South Dakota Brand Board
2024,Trautman,Karla,Board of Regents
2024,Tritle,Blaire,Bureau of Finance and Management
2024,Tronvold,Jeff,Unified Judicial System
2024,Turman,Kristi,Department of Public Safety
2024,Turner,Linda,Department of Education
2024,Tysdal,Bailey,Department of Tourism
2024,Valenti,Lynne,Department of Health
2024,Van Gerpen,Patricia,Public Utilities Commission
2024,Van Sickle,Kami,Board of Regents
2024,Vance,Scott,South Dakota Brand Board
2024,VanMeeteren,Jeff,"Department of Game, Fish and Parks"
2024,Vogel,Jessica,Board of Regents
2024,Waldner,Mike,Gov's Office of Econ Dev
2024,Walsh,Brian,Department of Agriculture and Natural Resources
2024,Wanous,Michael,Board of Regents
2024,Ward,Aaron,Department of Agriculture and Natural Resources
2024,Ward,Emily,Department of Labor and Regulation
2024,Warnke,Marcus,Department of Agriculture and Natural Resources
2024,Wasko,Kellie,Department of Corrections
2024,Watters,Stacy,Bureau of Human Resources and Administration
2024,Watterson,Cheriee,Department of Education
2024,Webster,Dan,Department of Revenue
2024,Weinmeister,Rob,Department of Public Safety
2024,Weischedel,Monica,Department of Revenue
2024,Weiss,Eric,Department of Human Services
2024,Wendell,Nick,Board of Technical Education
2024,Wendte,Jim,Department of Agriculture and Natural Resources
2024,Whitlock,Greg,Department of Veterans Affairs
2024,Wickham,Jay,Department of Public Safety
2024,Wiebe,Trevor,Department of Revenue
2024,Willey,Hallie,Department of Tourism
2024,Williams,Jason,State Treasurer Office
2024,Williams,Myron,South Dakota Brand Board
2024,Williams,Rachel,Bureau of Finance and Management
2024,Wilson,Mark,Mitchell Technical College
2024,Wolfgang,Tiffany,Department of Social Services
2024,Woodmansey,Kent,Department of Agriculture and Natural Resources
2024,Yaeger,Rosa,Department of Revenue
2024,Young,Linda,Board of Nursing
2024,Younie,Joey,Department of Human Services
2024,Zanter,Mary,Public Utilities Commission
2024,Zilverberg,Ashley,Department of Revenue
